apptweak,data scientist,https://jobs.apptweak.com/
datacamp,python,https://www.datacamp.com/tracks/career
datacamp,data scientist,https://www.datacamp.com/tracks/career
datacamp,machine learning,https://www.datacamp.com/tracks/career
datamind,python,https://www.datacamp.com/tracks/career
datamind,data scientist,https://www.datacamp.com/tracks/career
datamind,machine learning,https://www.datacamp.com/tracks/career
jobcombinator,machine learning,https://www.hoplance.com/careers
mymicroinvest,machine learning,https://www.spreds.com/en/financings/4263-isahit
mymicroinvest,artificial intelligence,https://www.spreds.com/en/financings/4263-isahit
realo,python,https://www.realo.be/en/jobs
realo,data scientist,https://www.realo.be/en/jobs
realo,machine learning,https://www.realo.be/en/jobs
sagacify,machine learning,https://sagacify.com/join
sagacify,artificial intelligence,https://sagacify.com/join
sortlist,data scientist,https://www.sortlist.com/jobs
sortlist,machine learning,https://www.sortlist.com/jobs
testingbot,python,https://testingbot.com/careers
woorank,python,https://www.woorank.com/en/jobs
